{"cameraMode":{"drawMode":0,"name":"Shaded","section":"Shading Mode"},"sceneLighting":true,"audioPlay":false,"sceneViewState":{"m_AlwaysRefresh":false,"showFog":true,"showSkybox":true,"showFlares":true,"showImageEffects":true,"showParticleSystems":true,"showVisualEffectGraphs":true,"m_FxEnabled":true},"in2DMode":false,"pivot":{"x":0.7810194492340088,"y":0.2802560329437256,"z":-2.894099235534668},"rotation":{"x":-0.01499917171895504,"y":-0.9775589108467102,"z":0.19644007086753846,"w":-0.07464270293712616},"size":3.1826412677764894,"orthographic":false}